{
    "Agent": {
        "total": 0.027502899999994668
    },
    "Env": {
        "apply_act": 0.13664200000000193,
        "observation_computation": 0.01884180000000768,
        "powerflow_computation": 0.24866989999999944,
        "total": 0.40415370000000905
    },
    "total": 0.4477450999999988
}