{
    "Agent": {
        "total": 0.017046399999994577
    },
    "Env": {
        "apply_act": 0.08739950000000007,
        "observation_computation": 0.01146070000000421,
        "powerflow_computation": 0.13603209999999777,
        "total": 0.23489230000000205
    },
    "total": 0.2613166000000007
}