{
    "Agent": {
        "total": 0.02116760000000184
    },
    "Env": {
        "apply_act": 0.10702989999999701,
        "observation_computation": 0.014411400000003738,
        "powerflow_computation": 0.16643830000000293,
        "total": 0.2878796000000037
    },
    "total": 0.3207495999999992
}