{
    "Agent": {
        "total": 0.025486699999991203
    },
    "Env": {
        "apply_act": 0.1274487999999998,
        "observation_computation": 0.01728119999999933,
        "powerflow_computation": 0.23437789999999836,
        "total": 0.3791078999999975
    },
    "total": 0.4183355000000013
}