{
    "Agent": {
        "total": 0.016842100000001636
    },
    "Env": {
        "apply_act": 0.08744089999999716,
        "observation_computation": 0.011442799999997533,
        "powerflow_computation": 0.13546339999999546,
        "total": 0.23434709999999015
    },
    "total": 0.26056480000000093
}