{"add": {"redispatch": [0.0, 0.0, 0.0, 0.0, 0.0, 0.0, 0.0, 0.0, 0.0, 0.0], "set_storage": []}, "multiply": {"redispatch": [0.7142857264499277, 0.7142857264499277, 0.09615384968074835, 0.7142857264499277, 0.35714286322496386, 0.35714286322496386, 0.2325581292193156, 0.35714286322496386, 0.11764705882352941, 0.10101010490225223], "set_storage": []}}