{"subtract": {"gen_p": [3.765976667404175, 16.20048713684082, 2.7481584548950195, 128.7064666748047, 0.5664213299751282, 7.222878932952881, 5.522705078125, 5.522519588470459, 7.223600387573242, 11.097894668579102, 5.768326759338379, 5.536600112915039, 5.53872013092041, 8.714794158935547, 11.078622817993164, 11.078042030334473, 7.23141622543335, 12.24156665802002, 11.045432090759277, 396.31170654296875, 2.565453290939331, 62.57648468017578], "load_p": [11.731327056884766, -5.25299596786499, 0.2835276424884796, 29.861228942871094, 16.51358413696289, 15.560113906860352, -121.98918151855469, 12.76994514465332, 9.329261779785156, 17.628868103027344, 17.737764358520508, 8.548855781555176, 7.613915920257568, 25.388103485107422, 13.299154281616211, 16.15577507019043, 9.57974910736084, 41.177303314208984, 8.114649772644043, 8.08815860748291, 8.684853553771973, 10.984149932861328, 54.582828521728516, 30.082115173339844, 40.56235885620117, 5.7417473793029785, 5.829963684082031, 129.731689453125, 36.738426208496094, 36.74383544921875, 147.7660675048828, 18.688425064086914, 13.209220886230469, 37.15726089477539, 39.951629638671875, -2.4500892162323, -37.423301696777344], "p_or": [2.1560959815979004, -18.669584274291992, -6.478299617767334, 13.422386169433594, -66.46758270263672, -3.235809326171875, -7.381322860717773, -16.102420806884766, -2.1726763248443604, -14.706132888793945, -19.851322174072266, 17.848651885986328, 26.666561126708984, 10.04499340057373, -2.9024274349212646, -9.702266693115234, -5.991034030914307, -11.418477058410645, 37.95221710205078, 40.72280502319336, -12.469951629638672, -15.599123001098633, 26.520414352416992, 32.94871139526367, 14.67220401763916, 5.945461750030518, -5.059100151062012, 20.478343963623047, 20.240697860717773, 2.3178303241729736, -1.1623085737228394, -11.089831352233887, -12.212430000305176, 18.222213745117188, -3.7584593296051025, 9.674396514892578, -9.721538543701172, -8.344826698303223, -8.724784851074219, -10.909934043884277, -24.970090866088867, -27.64761734008789, -42.466434478759766, -8.359424591064453, 2.67167329788208, -104.01057434082031, 40.614898681640625, -170.0794677734375, -34.4338493347168, -34.4338493347168, -12.686375617980957, -6.473333835601807, 19.796634674072266, -14.49324893951416, -10.267436027526855, 81.37384033203125, 104.01057434082031, 65.85235595703125, 117.98233795166016], "rho": [0.44032326340675354, 0.4370357394218445, 0.19055747985839844, 0.2610357701778412, 0.5477779507637024, 0.18437157571315765, 0.16721166670322418, 0.18776826560497284, 0.2216385304927826, 0.19803665578365326, 0.2275829017162323, 0.5859699845314026, 0.3522558808326721, 0.5175180435180664, 0.25417622923851013, 0.2575033903121948, 0.21293649077415466, 0.18550175428390503, 0.3155328631401062, 0.33807432651519775, 0.4609379470348358, 0.31123292446136475, 0.5493964552879333, 0.5492838621139526, 0.3341410160064697, 0.31116294860839844, 0.28671950101852417, 0.29768481850624084, 0.3041449785232544, 0.1624273806810379, 0.07693423330783844, 0.3785213828086853, 0.4586276412010193, 0.514104425907135, 0.4604443907737732, 0.4897069036960602, 0.286494642496109, 0.2876904606819153, 0.2857452929019928, 0.5389947295188904, 0.3548412024974823, 0.6011362671852112, 0.2846755385398865, 0.19663842022418976, 0.09140883386135101, 0.4330599009990692, 0.46570101380348206, 0.3899800777435303, 0.27591851353645325, 0.27591851353645325, 0.26087090373039246, 0.23315410315990448, 0.2951812744140625, 0.1814383715391159, 0.1727612167596817, 0.6307542324066162, 0.4330599009990692, 0.36180782318115234, 0.6261329650878906]}, "divide": {"gen_p": [12.205644607543945, 9.281023979187012, 9.866268157958984, 55.09850311279297, 4.126729488372803, 5.4987688064575195, 6.715627193450928, 6.715252876281738, 5.498941421508789, 13.532690048217773, 20.455062866210938, 6.750492095947266, 6.754255771636963, 26.256919860839844, 13.52832317352295, 13.51823616027832, 27.364591598510742, 7.5857648849487305, 13.464008331298828, 19.43814468383789, 17.763216018676758, 69.00029754638672], "load_p": [2.805283308029175, 9.067245483398438, 10.040533065795898, 7.125882625579834, 3.899411678314209, 3.621508836746216, 34.185428619384766, 2.8863673210144043, 2.1558029651641846, 4.110419750213623, 4.288774490356445, 2.0028202533721924, 1.7798367738723755, 5.853405952453613, 3.0862808227539062, 3.71405029296875, 2.199382781982422, 9.55236530303955, 1.841930866241455, 1.7658843994140625, 2.0228710174560547, 2.481720209121704, 12.12592601776123, 6.450526714324951, 8.746688842773438, 1.2254310846328735, 1.286482572555542, 28.33226203918457, 7.7148871421813965, 7.929767608642578, 99.92501831054688, 4.044399738311768, 2.8076248168945312, 14.332179069519043, 33.69548797607422, 20.740942001342773, 45.371253967285156], "p_or": [1.506827473640442, 3.8805487155914307, 10.3320951461792, 4.183532238006592, 15.56893539428711, 14.315032958984375, 14.257514953613281, 15.765978813171387, 14.097674369812012, 15.031848907470703, 16.1912784576416, 5.308750629425049, 5.288843631744385, 5.915980339050293, 4.449566841125488, 5.049345016479492, 2.2596523761749268, 8.542522430419922, 14.904308319091797, 13.887934684753418, 5.914065837860107, 4.0659098625183105, 8.20241641998291, 10.31198501586914, 3.893427610397339, 3.0640082359313965, 3.6046953201293945, 8.849156379699707, 8.356215476989746, 4.352872848510742, 15.241514205932617, 9.567508697509766, 7.334519863128662, 7.681405544281006, 6.28468656539917, 6.216418266296387, 4.999875068664551, 4.615143299102783, 4.825581073760986, 6.09912633895874, 6.655369281768799, 7.168717861175537, 18.575725555419922, 4.245476722717285, 7.805342197418213, 29.620832443237305, 36.744598388671875, 54.55650329589844, 9.322223663330078, 9.322223663330078, 6.641453266143799, 6.3956193923950195, 7.2038679122924805, 13.531404495239258, 13.03234577178955, 14.916986465454102, 29.620832443237305, 29.0736141204834, 31.972185134887695], "rho": [1.0, 1.0, 1.0, 1.0, 1.0, 1.0, 1.0, 1.0, 1.0, 1.0, 1.0, 1.0, 1.0, 1.0, 1.0, 1.0, 1.0, 1.0, 1.0, 1.0, 1.0, 1.0, 1.0, 1.0, 1.0, 1.0, 1.0, 1.0, 1.0, 1.0, 1.0, 1.0, 1.0, 1.0, 1.0, 1.0, 1.0, 1.0, 1.0, 1.0, 1.0, 1.0, 1.0, 1.0, 1.0, 1.0, 1.0, 1.0, 1.0, 1.0, 1.0, 1.0, 1.0, 1.0, 1.0, 1.0, 1.0, 1.0, 1.0]}}