{
    "Agent": {
        "total": 0.02541939999999343
    },
    "Env": {
        "apply_act": 0.12705480000000335,
        "observation_computation": 0.017148200000001168,
        "powerflow_computation": 0.21734919999999036,
        "total": 0.3615521999999949
    },
    "total": 0.40067900000000023
}