{
    "Agent": {
        "total": 0.32182900000001347
    },
    "Env": {
        "apply_act": 1.4828447999999934,
        "observation_computation": 0.21804829999999775,
        "powerflow_computation": 2.400317399999997,
        "total": 4.101210499999988
    },
    "total": 4.588619600000001
}