{
    "Agent": {
        "total": 0.08018900000000073
    },
    "Env": {
        "apply_act": 0.3722641999999965,
        "observation_computation": 0.05375020000000319,
        "powerflow_computation": 0.6085989000000076,
        "total": 1.0346133000000073
    },
    "total": 1.1565283000000015
}